,url
0,https://patch.com/new-jersey/morristown
1,https://patch.com/connecticut/granby-eastgranby
2,https://patch.com/new-york/carrollgardens
3,https://patch.com/maryland/belair
4,https://patch.com/missouri/stpeters
5,https://patch.com/massachusetts/seekonk-swansea
6,https://patch.com/michigan/macomb
7,https://patch.com/florida/lakeland
8,https://patch.com/new-york/soho-little-italy
9,https://patch.com/new-jersey/bloomfield
10,https://patch.com/missouri/olivette
11,https://patch.com/missouri/kirkwood
12,https://patch.com/connecticut/bethwood
13,https://patch.com/maryland/northpotomac
14,https://patch.com/georgia/buford
15,https://patch.com/pennsylvania/lowermoreland
16,https://patch.com/california/losgatos
17,https://patch.com/montana/billings
18,https://patch.com/pennsylvania/abington
19,https://patch.com/texas/across-tx
20,https://patch.com/california/redwoodcity-woodside
21,https://patch.com/illinois/desplaines
22,https://patch.com/california/san-francisco
23,https://patch.com/illinois/shorewood-il
24,https://patch.com/california/east-palo-alto
25,https://patch.com/washington/shoreline
26,https://patch.com/michigan/detroit
27,https://patch.com/minnesota/edenprairie
28,https://patch.com/california/centurycity
29,https://patch.com/maryland/columbia
30,https://patch.com/illinois/arlingtonheights
31,https://patch.com/nebraska/omaha
32,https://patch.com/minnesota/applevalley-rosemount
33,https://patch.com/hawaii/honolulu
34,https://patch.com/new-york/threevillage
35,https://patch.com/new-york/rochester-ny
36,https://patch.com/pennsylvania/uppermacungie
37,https://patch.com/illinois/wilmette
38,https://patch.com/maryland/essex
39,https://patch.com/vermont/burlington-vt
40,https://patch.com/pennsylvania/limerick
41,https://patch.com/michigan/grand-rapids
42,https://patch.com/michigan/royaloak
43,https://patch.com/texas/arlington-tx
44,https://patch.com/california/dixon
45,https://patch.com/minnesota/plymouth-mn
46,https://patch.com/illinois/northcenter-roscoevillage
47,https://patch.com/ohio/shakerheights
48,https://patch.com/connecticut/stafford-willington
49,https://patch.com/massachusetts/norton
50,https://patch.com/connecticut/newcanaan
51,https://patch.com/texas/sugarland
52,https://patch.com/new-york/sachem
53,https://patch.com/minnesota/fridley
54,https://patch.com/california/temecula
55,https://patch.com/georgia/southcobb
56,https://patch.com/illinois/evergreenpark
57,https://patch.com/maryland/arbutus
58,https://patch.com/wisconsin/waukesha
59,https://patch.com/south-carolina/easley
60,https://patch.com/connecticut/fairfield
61,https://patch.com/new-york/nyack
62,https://patch.com/new-jersey/hillsborough
63,https://patch.com/washington/gigharbor
64,https://patch.com/california/novato
65,https://patch.com/rhode-island/johnston
66,https://patch.com/california/belmontshore
67,https://patch.com/new-jersey/freehold
68,https://patch.com/new-jersey/matawan-aberdeen
69,https://patch.com/new-jersey/longvalley
70,https://patch.com/alabama/pelham-al
71,https://patch.com/south-carolina/columbia-sc
72,https://patch.com/missouri/mehlville-oakville
73,https://patch.com/new-york/commack
74,https://patch.com/minnesota/maplegrove
75,https://patch.com/new-jersey/asbury-park
76,https://patch.com/michigan/northville
77,https://patch.com/new-jersey/lacey
78,https://patch.com/ohio/strongsville
79,https://patch.com/rhode-island/tiverton
80,https://patch.com/new-york/midhudsonvalley
81,https://patch.com/connecticut/clinton
82,https://patch.com/new-york/buffalo
83,https://patch.com/florida/gulfport
84,https://patch.com/california/northridge
85,https://patch.com/california/halfmoonbay
86,https://patch.com/illinois/forestpark
87,https://patch.com/washington/puyallup
88,https://patch.com/pennsylvania/across-pa
89,https://patch.com/california/beverlyhills
90,https://patch.com/new-jersey/lawrenceville
91,https://patch.com/maryland/collegepark
92,https://patch.com/pennsylvania/salisbury
93,https://patch.com/california/cerritos
94,https://patch.com/connecticut/canton-ct
95,https://patch.com/wisconsin/brookfield-wi
96,https://patch.com/pennsylvania/northhills
97,https://patch.com/new-jersey/ramsey-nj
98,https://patch.com/massachusetts/acton
99,https://patch.com/massachusetts/arlington
100,https://patch.com/new-york/bedford
101,https://patch.com/virginia/chantilly
102,https://patch.com/rhode-island/narragansett
103,https://patch.com/illinois/decatur-il
104,https://patch.com/georgia/acworth
105,https://patch.com/new-york/central-park
106,https://patch.com/ohio/miamiuniversity-oxford
107,https://patch.com/georgia/buckhead
108,https://patch.com/north-carolina/davidson
109,https://patch.com/iowa/ames
110,https://patch.com/iowa/cedarfalls
111,https://patch.com/georgia/kennesaw
112,https://patch.com/new-york/sayville
113,https://patch.com/wisconsin/across-wi
114,https://patch.com/california/banning-beaumont
115,https://patch.com/rhode-island/middletown
116,https://patch.com/wisconsin/mountpleasant
117,https://patch.com/new-york/babylonvillage
118,https://patch.com/maryland/hyattsville
119,https://patch.com/pennsylvania/lowermacungie
120,https://patch.com/new-jersey/manasquan
121,https://patch.com/new-jersey/wall
122,https://patch.com/massachusetts/reading
123,https://patch.com/ohio/clevelandheights
124,https://patch.com/massachusetts/beverly
125,https://patch.com/california/castrovalley
126,https://patch.com/wyoming/cheyenne
127,https://patch.com/minnesota/edina
128,https://patch.com/new-york/jamaica
129,https://patch.com/new-york/freeport
130,https://patch.com/texas/pasadena-tx
131,https://patch.com/colorado/golden
132,https://patch.com/pennsylvania/easton
133,https://patch.com/massachusetts/hamilton-wenham
134,https://patch.com/alabama/across-al/communities
135,https://patch.com/maryland/uppermarlboro
136,https://patch.com/pennsylvania/palmer
137,https://patch.com/connecticut/newhaven
138,https://patch.com/georgia/roswell
139,https://patch.com/maryland/timonium
140,https://patch.com/new-york/rivertowns
141,https://patch.com/new-york/rye
142,https://patch.com/new-jersey/teaneck
143,https://patch.com/massachusetts/newton
144,https://patch.com/pennsylvania/upperdublin
145,https://patch.com/minnesota/northfield
146,https://patch.com/new-hampshire/windham
147,https://patch.com/new-york/albany-ny
148,https://patch.com/illinois/niles
149,https://patch.com/illinois/homerglen-lockport
150,https://patch.com/new-jersey/pointpleasant
151,https://patch.com/arizona/tucson
152,https://patch.com/new-jersey/hoboken
153,https://patch.com/minnesota/richfield
154,https://patch.com/california/mountainview
155,https://patch.com/rhode-island/across-ri/communities
156,https://patch.com/tennessee/knoxville
157,https://patch.com/florida/seminoleheights
158,https://patch.com/washington/redmond
159,https://patch.com/new-york/brownsville
160,https://patch.com/massachusetts/woburn
161,https://patch.com/new-jersey/paramus
162,https://patch.com/california/redondobeach
163,https://patch.com/new-york/mountvernonny
164,https://patch.com/connecticut/newtown
165,https://patch.com/washington/enumclaw
166,https://patch.com/california/sananselmofairfax
167,https://patch.com/colorado/across-co
168,https://patch.com/connecticut/ledyard
169,https://patch.com/texas/meyerland
170,https://patch.com/florida/newtampa
171,https://patch.com/illinois/springfield-il
172,https://patch.com/connecticut/monroe
173,https://patch.com/california/larkspurcortemadera
174,https://patch.com/california/elkgrove
175,https://patch.com/north-carolina/fortbragg
176,https://patch.com/washington/edmonds
177,https://patch.com/michigan/dexter
178,https://patch.com/california/elcerrito
179,https://patch.com/florida/westchase
180,https://patch.com/massachusetts/roslindale
181,https://patch.com/new-jersey/howell
182,https://patch.com/california/echopark
183,https://patch.com/minnesota/mendotaheights
184,https://patch.com/new-jersey/verona
185,https://patch.com/south-carolina/taylors
186,https://patch.com/pennsylvania/malvern
187,https://patch.com/washington/renton
188,https://patch.com/michigan/dearborn
189,https://patch.com/california/santacruz
190,https://patch.com/california/rohnertpark-cotati
191,https://patch.com/us/across-america
192,https://patch.com/new-york/new-york-city
193,https://patch.com/new-hampshire/milford-nh
194,https://patch.com/maryland/havredegrace
195,https://patch.com/california/pacifica
196,https://patch.com/new-jersey/mahwah
197,https://patch.com/virginia/norfolk
198,https://patch.com/missouri/stlouis
199,https://patch.com/mississippi/jackson
200,https://patch.com/colorado/littleton
201,https://patch.com/georgia/monroe-ga
202,https://patch.com/illinois/glenview
203,https://patch.com/california/citrusheights
204,https://patch.com/massachusetts/hingham
205,https://patch.com/florida/fort-myers
206,https://patch.com/pennsylvania/emmaus
207,https://patch.com/texas/harlingen
208,https://patch.com/georgia/sandysprings
209,https://patch.com/ohio/avon-oh
210,https://patch.com/texas/irving-tx
211,https://patch.com/colorado/boulder
212,https://patch.com/california/sanleandro
213,https://patch.com/florida/lutz
214,https://patch.com/new-jersey/jefferson
215,https://patch.com/new-york/bushwick
216,https://patch.com/illinois/geneva
217,https://patch.com/illinois/highlandpark
218,https://patch.com/pennsylvania/balacynwyd
219,https://patch.com/rhode-island/eastprovidence
220,https://patch.com/georgia/northdruidhills
221,https://patch.com/virginia/roanoke
222,https://patch.com/california/los-angeles
223,https://patch.com/michigan/flint
224,https://patch.com/new-york/medford-ny
225,https://patch.com/connecticut/simsbury
226,https://patch.com/michigan/chelsea
227,https://patch.com/california/pacificpalisades
228,https://patch.com/rhode-island/bristol-warren
229,https://patch.com/pennsylvania/warminster
230,https://patch.com/florida/miamibeach
231,https://patch.com/new-york/portjefferson
232,https://patch.com/connecticut/easthampton-ct
233,https://patch.com/south-carolina/summerville
234,https://patch.com/new-york/portwashington
235,https://patch.com/connecticut/across-ct
236,https://patch.com/california/glendora
237,https://patch.com/new-york/upper-west-side-nyc
238,https://patch.com/new-hampshire/hampton-northhampton
239,https://patch.com/connecticut/milford
240,https://patch.com/california/missionviejo
241,https://patch.com/new-jersey/maplewood
242,https://patch.com/massachusetts/weymouth
243,https://patch.com/florida/palmharbor
244,https://patch.com/maryland/baltimore
245,https://patch.com/illinois/oakforest
246,https://patch.com/ohio/cincinnati
247,https://patch.com/georgia/atlanta
248,https://patch.com/new-york/newrochelle
249,https://patch.com/maine/across-me
250,https://patch.com/georgia/westcobb
251,https://patch.com/tennessee/brentwood-tn
252,https://patch.com/new-jersey/galloway
253,https://patch.com/california/losalamitos
254,https://patch.com/new-york/montauk
255,https://patch.com/maryland/owingsmills
256,https://patch.com/california/montrose
257,https://patch.com/massachusetts/salem
258,https://patch.com/missouri/townandcountry-manchester
259,https://patch.com/california/belmont-ca
260,https://patch.com/alabama/tuscaloosa
261,https://patch.com/new-york/east-islip
262,https://patch.com/washington/mercerisland
263,https://patch.com/texas/galleria-riveroaks
264,https://patch.com/new-jersey/triboro
265,https://patch.com/pennsylvania/philadelphia
266,https://patch.com/michigan/farmington-mi
267,https://patch.com/virginia/mountvernon
268,https://patch.com/massachusetts/burlington
269,https://patch.com/illinois/lincolnsquare
270,https://patch.com/new-york/sunset-park
271,https://patch.com/california/across-ca/communities
272,https://patch.com/illinois/lakeforest
273,https://patch.com/pennsylvania/springfield-pa
274,https://patch.com/washington/kirkland
275,https://patch.com/idaho/boise
276,https://patch.com/connecticut/berlin
277,https://patch.com/massachusetts/chelmsford
278,https://patch.com/west-virginia/charleston-wv
279,https://patch.com/georgia/douglasville
280,https://patch.com/new-jersey/baskingridge
281,https://patch.com/alabama/huntsville
282,https://patch.com/georgia/lawrenceville-ga
283,https://patch.com/alabama/trussville
284,https://patch.com/new-york/patchogue
285,https://patch.com/arizona/phoenix
286,https://patch.com/california/lemongrove
287,https://patch.com/california/paloalto
288,https://patch.com/california/moorpark
289,https://patch.com/new-york/syracuse
290,https://patch.com/south-carolina/greenville-sc
291,https://patch.com/georgia/lilburn
292,https://patch.com/new-hampshire/bedford-nh
293,https://patch.com/new-york/hauppauge
294,https://patch.com/georgia/cascade
295,https://patch.com/illinois/huntley
296,https://patch.com/california/lajolla
297,https://patch.com/virginia/manassaspark
298,https://patch.com/district-columbia/washingtondc
299,https://patch.com/massachusetts/sharon
300,https://patch.com/north-carolina/charlotte
301,https://patch.com/new-york/kew-gardens-briarwood
302,https://patch.com/connecticut/thelymes
303,https://patch.com/new-jersey/madison
304,https://patch.com/connecticut/naugatuck
305,https://patch.com/california/lacanadaflintridge
306,https://patch.com/vermont/across-vt
307,https://patch.com/pennsylvania/newhope-lambertville
308,https://patch.com/wisconsin/shorewood
309,https://patch.com/new-york/riverhead
310,https://patch.com/california/healdsburg
311,https://patch.com/california/southgate-lynwood
312,https://patch.com/nevada/lasvegas
313,https://patch.com/florida/ponte-vedra-beach
314,https://patch.com/connecticut/newington
315,https://patch.com/illinois/hydepark
316,https://patch.com/maryland/odenton
317,https://patch.com/illinois/deerfield
318,https://patch.com/pennsylvania/te
319,https://patch.com/illinois/westside
320,https://patch.com/pennsylvania/canon-mcmillan
321,https://patch.com/new-york/mineola
322,https://patch.com/massachusetts/somerville
323,https://patch.com/new-york/west-village
324,https://patch.com/ohio/cuyahogafalls
325,https://patch.com/texas/north-austin
326,https://patch.com/wisconsin/sussex
327,https://patch.com/florida/across-fl
328,https://patch.com/connecticut/wallingford
329,https://patch.com/massachusetts/medfield
330,https://patch.com/new-jersey/marlboro-coltsneck
331,https://patch.com/wisconsin/hudson-wi
332,https://patch.com/montana/missoula
333,https://patch.com/connecticut/ellington-somers
334,https://patch.com/connecticut/easthaven
335,https://patch.com/virginia/vienna
336,https://patch.com/north-carolina/noda-midwoodbelmont
337,https://patch.com/california/lakeelsinore-wildomar
338,https://patch.com/florida/largo
339,https://patch.com/new-york/westhampton-hamptonbays
340,https://patch.com/maryland/aberdeen
341,https://patch.com/maryland/towson
342,https://patch.com/michigan/rochester
343,https://patch.com/ohio/marietta-oh
344,https://patch.com/rhode-island/barrington
345,https://patch.com/arizona/scottsdale
346,https://patch.com/north-carolina/raleigh
347,https://patch.com/texas/southaustin
348,https://patch.com/maryland/fallston
349,https://patch.com/new-jersey/caldwells
350,https://patch.com/rhode-island/smithfield
351,https://patch.com/washington/universityplace
352,https://patch.com/wisconsin/newberlin
353,https://patch.com/california/palmdesert
354,https://patch.com/minnesota/eagan
355,https://patch.com/ohio/akron
356,https://patch.com/alabama/hoover
357,https://patch.com/california/napavalley
358,https://patch.com/massachusetts/plymouth
359,https://patch.com/illinois/mokena
360,https://patch.com/virginia/manassas
361,https://patch.com/georgia/decatur
362,https://patch.com/georgia/across-ga
363,https://patch.com/massachusetts/wayland
364,https://patch.com/connecticut/westport
365,https://patch.com/ohio/canton-oh
366,https://patch.com/connecticut/rockyhill
367,https://patch.com/georgia/hollysprings
368,https://patch.com/iowa/westdesmoines
369,https://patch.com/georgia/woodstock
370,https://patch.com/california/sanmarino
371,https://patch.com/michigan/newbaltimore
372,https://patch.com/illinois/winnetka
373,https://patch.com/new-mexico/albuquerque
374,https://patch.com/pennsylvania/upperstclair
375,https://patch.com/new-york/newhydepark
376,https://patch.com/utah/salt-lake-city
377,https://patch.com/pennsylvania/dormont-brookline
378,https://patch.com/new-york/gowanus
379,https://patch.com/minnesota/roseville
380,https://patch.com/north-carolina/greensboro
381,https://patch.com/illinois/across-il
382,https://patch.com/michigan/plymouth-mi
383,https://patch.com/georgia/suwanee
384,https://patch.com/new-jersey/littlesilver
385,https://patch.com/maine/augusta
386,https://patch.com/connecticut/trumbull
387,https://patch.com/new-jersey/bernardsville-bedminster
388,https://patch.com/illinois/romeoville
389,https://patch.com/massachusetts/danvers
390,https://patch.com/pennsylvania/chartiersvalley
391,https://patch.com/virginia/oldtownalexandria
392,https://patch.com/pennsylvania/plum-oakmont
393,https://patch.com/california/sacramento
394,https://patch.com/new-mexico/across-nm
395,https://patch.com/minnesota/burnsville
396,https://patch.com/illinois/oak-brook
397,https://patch.com/new-jersey/ridgewood
398,https://patch.com/new-york/east-village
399,https://patch.com/pennsylvania/yardley
400,https://patch.com/new-jersey/berkeley-nj
401,https://patch.com/maryland/germantown
402,https://patch.com/georgia/brookhaven
403,https://patch.com/california/losaltos
404,https://patch.com/connecticut/southbury
405,https://patch.com/florida/palmettobay-cutler
406,https://patch.com/massachusetts/worcester
407,https://patch.com/ohio/fairlawn-bath
408,https://patch.com/connecticut/montville-ct
409,https://patch.com/new-york/brentwood-central-islip
410,https://patch.com/california/petaluma
411,https://patch.com/new-york/across-ny
412,https://patch.com/louisiana/kenner
413,https://patch.com/missouri/affton
414,https://patch.com/pennsylvania/bethlehem
415,https://patch.com/new-york/larchmont
416,https://patch.com/illinois/beverly-mtgreenwood
417,https://patch.com/pennsylvania/newtown-pa
418,https://patch.com/new-york/bayside
419,https://patch.com/new-york/plainview
420,https://patch.com/arizona/across-az
421,https://patch.com/new-jersey/oceancity
422,https://patch.com/alabama/vestavia-hills
423,https://patch.com/massachusetts/dover
424,https://patch.com/california/newark
425,https://patch.com/illinois/burrridge
426,https://patch.com/new-york/tarrytown
427,https://patch.com/texas/eastaustin
428,https://patch.com/utah/across-ut
429,https://patch.com/california/gilroy
430,https://patch.com/massachusetts/westwood
431,https://patch.com/minnesota/hopkins
432,https://patch.com/connecticut/enfield
433,https://patch.com/iowa/marion
434,https://patch.com/colorado/colorado-springs
435,https://patch.com/wisconsin/whitefishbay
436,https://patch.com/california/murrieta
437,https://patch.com/new-jersey/summit
438,https://patch.com/virginia/clarendon
439,https://patch.com/new-jersey/morris
440,https://patch.com/california/encino
441,https://patch.com/south-carolina/mountpleasant-sc
442,https://patch.com/california/manhattanbeach
443,https://patch.com/connecticut/suffield
444,https://patch.com/ohio/northcanton
445,https://patch.com/california/danville
446,https://patch.com/new-york/pleasantville
447,https://patch.com/california/shermanoaks
448,https://patch.com/connecticut/vernon
449,https://patch.com/maryland/glenburnie
450,https://patch.com/new-jersey/newprovidence
451,https://patch.com/washington/seattle
452,https://patch.com/connecticut/hamden
453,https://patch.com/illinois/joliet
454,https://patch.com/new-york/chelsea-ny
455,https://patch.com/new-york/bayshore
456,https://patch.com/new-york/southampton
457,https://patch.com/south-dakota/sioux-falls
458,https://patch.com/new-jersey/west-windsor
459,https://patch.com/california/hermosabeach
460,https://patch.com/massachusetts/medford
461,https://patch.com/virginia/ashburn
462,https://patch.com/missouri/wentzville
463,https://patch.com/new-york/gardencity
464,https://patch.com/pennsylvania/uppermoreland
465,https://patch.com/north-carolina/mooresville
466,https://patch.com/california/calabasas
467,https://patch.com/california/ranchosantamargarita
468,https://patch.com/maryland/riverdalepark
469,https://patch.com/new-york/center-moriches-eastport
470,https://patch.com/wyoming/across-wy
471,https://patch.com/mississippi/across-ms
472,https://patch.com/michigan/saline
473,https://patch.com/maryland/edgewater
474,https://patch.com/virginia/fredericksburg
475,https://patch.com/pennsylvania/pittsburgh
476,https://patch.com/georgia/gwinnett
477,https://patch.com/virginia/fairfaxcity
478,https://patch.com/connecticut/madison-ct
479,https://patch.com/oklahoma/oklahoma-city
480,https://patch.com/new-jersey/flemington
481,https://patch.com/massachusetts/natick
482,https://patch.com/new-jersey/collingswood
483,https://patch.com/new-york/northfork
484,https://patch.com/new-jersey/middlesex
485,https://patch.com/virginia/delray
486,https://patch.com/maryland/pikesville
487,https://patch.com/new-york/astoria-long-island-city
488,https://patch.com/north-carolina/huntersville
489,https://patch.com/massachusetts/framingham
490,https://patch.com/wisconsin/greendale
491,https://patch.com/missouri/kansas-city-mo
492,https://patch.com/missouri/across-mo
493,https://patch.com/north-carolina/greenville-nc
494,https://patch.com/connecticut/waterford
495,https://patch.com/massachusetts/malden
496,https://patch.com/new-york/huntington
497,https://patch.com/new-jersey/hopewell-pennington
498,https://patch.com/missouri/crevecoeur
499,https://patch.com/california/longbeach-ca
500,https://patch.com/new-york/bronxville
501,https://patch.com/california/livermore
502,https://patch.com/florida/miami
503,https://patch.com/new-jersey/princeton
504,https://patch.com/south-carolina/across-sc
505,https://patch.com/indiana/across-in
506,https://patch.com/illinois/naperville
507,https://patch.com/ohio/dayton
508,https://patch.com/florida/sarasota
509,https://patch.com/new-jersey/fairlawn-saddlebrook
510,https://patch.com/wisconsin/greenfield
511,https://patch.com/arkansas/across-ar/communities
512,https://patch.com/missouri/clayton-richmondheights
513,https://patch.com/wisconsin/green-bay
514,https://patch.com/arizona/across-az/communities
515,https://patch.com/massachusetts/norwood
516,https://patch.com/georgia/eastcobb
517,https://patch.com/minnesota/across-mn
518,https://patch.com/georgia/norcross
519,https://patch.com/illinois/barrington-il
520,https://patch.com/michigan/shelby-utica
521,https://patch.com/connecticut/stratford
522,https://patch.com/connecticut/thehaddams-killingworth
523,https://patch.com/alaska/anchorage
524,https://patch.com/connecticut/guilford
525,https://patch.com/massachusetts/marlborough
526,https://patch.com/ohio/middleburgheights
527,https://patch.com/arkansas/across-ar
528,https://patch.com/texas/dallas-ftworth
529,https://patch.com/new-york/smithtown
530,https://patch.com/new-york/northport
531,https://patch.com/michigan/stclairshores
532,https://patch.com/virginia/kingstowne
533,https://patch.com/virginia/annandale
534,https://patch.com/michigan/wyandotte
535,https://patch.com/new-york/easthampton
536,https://patch.com/california/lamorinda
537,https://patch.com/new-hampshire/nashua
538,https://patch.com/massachusetts/brockton
539,https://patch.com/pennsylvania/lansdale
540,https://patch.com/california/alisoviejo
541,https://patch.com/connecticut/avon
542,https://patch.com/pennsylvania/uppersouthampton
543,https://patch.com/maryland/severnapark
544,https://patch.com/new-hampshire/portsmouth-nh
545,https://patch.com/missouri/ofallon
546,https://patch.com/california/lagunaniguel-danapoint
547,https://patch.com/texas/clearlake
548,https://patch.com/massachusetts/bedford-ma
549,https://patch.com/new-york/wantagh
550,https://patch.com/georgia/alpharetta
551,https://patch.com/connecticut/windsor
552,https://patch.com/illinois/northbrook
553,https://patch.com/massachusetts/waltham
554,https://patch.com/connecticut/manchester
555,https://patch.com/massachusetts/easton-ma
556,https://patch.com/california/fremont
557,https://patch.com/new-jersey/livingston
558,https://patch.com/pennsylvania/perkiomenvalley
559,https://patch.com/new-jersey/hackettstown
560,https://patch.com/new-york/fireisland
561,https://patch.com/massachusetts/foxborough
562,https://patch.com/florida/tarponsprings
563,https://patch.com/connecticut/stonington
564,https://patch.com/michigan/trenton-grosseile
565,https://patch.com/ohio/mentor
566,https://patch.com/florida/boca-raton
567,https://patch.com/new-jersey/millburn
568,https://patch.com/alabama/mountain-brook
569,https://patch.com/new-jersey/hasbrouckheights
570,https://patch.com/new-york/southeast
571,https://patch.com/new-york/jackson-heights-elmhurst
572,https://patch.com/new-york/hicksville
573,https://patch.com/mississippi/meridian
574,https://patch.com/california/studiocity
575,https://patch.com/new-jersey/fortlee
576,https://patch.com/connecticut/northhaven
577,https://patch.com/north-carolina/cornelius
578,https://patch.com/maryland/elkridge
579,https://patch.com/pennsylvania/westchester
580,https://patch.com/illinois/chicagoheights
581,https://patch.com/michigan/brighton
582,https://patch.com/new-jersey/riverdell
583,https://patch.com/new-york/lower-east-side-chinatown
584,https://patch.com/new-jersey/jersey-city
585,https://patch.com/california/southsanfrancisco
586,https://patch.com/massachusetts/milford-ma
587,https://patch.com/pennsylvania/bensalem
588,https://patch.com/new-york/levittown-ny
589,https://patch.com/ohio/across-oh
590,https://patch.com/pennsylvania/peters
591,https://patch.com/maryland/ellicottcity
592,https://patch.com/california/sanrafael
593,https://patch.com/massachusetts/lexington
594,https://patch.com/pennsylvania/hellertown
595,https://patch.com/north-dakota/across-nd
596,https://patch.com/iowa/across-ia
597,https://patch.com/connecticut/weston-ct
598,https://patch.com/michigan/oaklandtownship
599,https://patch.com/new-york/washington-heights-inwood
600,https://patch.com/california/lagunabeach
601,https://patch.com/new-york/greatneck
602,https://patch.com/virginia/mclean
603,https://patch.com/california/marinadelrey
604,https://patch.com/new-jersey/haddon
605,https://patch.com/new-jersey/chatham
606,https://patch.com/connecticut/danbury
607,https://patch.com/pennsylvania/radnor
608,https://patch.com/colorado/lakewood-co
609,https://patch.com/maryland/potomac
610,https://patch.com/wisconsin/franklin-wi
611,https://patch.com/kansas/wichita
612,https://patch.com/washington/across-wa
613,https://patch.com/california/brentwood
614,https://patch.com/california/ranchobernardo-4sranch
615,https://patch.com/colorado/arvada
616,https://patch.com/virginia/portsmouth-va
617,https://patch.com/california/fresno
618,https://patch.com/california/highlandpark-ca
619,https://patch.com/georgia/athens
620,https://patch.com/california/southpasadena
621,https://patch.com/wisconsin/oakcreek
622,https://patch.com/massachusetts/winchester
623,https://patch.com/new-jersey/brick
624,https://patch.com/new-york/massapequa
625,https://patch.com/new-jersey/cinnaminson
626,https://patch.com/washington/spokane
627,https://patch.com/california/pinole-hercules
628,https://patch.com/massachusetts/across-ma
629,https://patch.com/connecticut/norwich
630,https://patch.com/new-york/malverne-lynbrook
631,https://patch.com/pennsylvania/brynmawr
632,https://patch.com/maryland/crofton
633,https://patch.com/massachusetts/cambridge
634,https://patch.com/massachusetts/westborough
635,https://patch.com/georgia/cartersville
636,https://patch.com/new-york/oysterbay
637,https://patch.com/california/sanramon
638,https://patch.com/new-jersey/westwood-hillsdale
639,https://patch.com/massachusetts/braintree
640,https://patch.com/massachusetts/westford
641,https://patch.com/pennsylvania/phoenixville
642,https://patch.com/illinois/aurora
643,https://patch.com/missouri/stcharles
644,https://patch.com/washington/lakewood-jblm
645,https://patch.com/virginia/fallschurch
646,https://patch.com/georgia/dallas-hiram
647,https://patch.com/georgia/vahi
648,https://patch.com/california/fostercity
649,https://patch.com/washington/bonneylake-sumner
650,https://patch.com/maryland/bethesda-chevychase
651,https://patch.com/connecticut/cheshire
652,https://patch.com/new-york/halfhollowhills
653,https://patch.com/minnesota/woodbury
654,https://patch.com/massachusetts/swampscott
655,https://patch.com/california/millvalley
656,https://patch.com/new-jersey/secaucus
657,https://patch.com/pennsylvania/doylestown
658,https://patch.com/new-hampshire/concord-nh
659,https://patch.com/new-jersey/belleville
660,https://patch.com/virginia/reston
661,https://patch.com/rhode-island/across-ri
662,https://patch.com/connecticut/oxford-ct
663,https://patch.com/south-carolina/goosecreek
664,https://patch.com/connecticut/wilton
665,https://patch.com/california/san-diego
666,https://patch.com/texas/sanantonio
667,https://patch.com/wisconsin/appleton
668,https://patch.com/illinois/lemont
669,https://patch.com/massachusetts/melrose
670,https://patch.com/kentucky/across-ky
671,https://patch.com/connecticut/shelton
672,https://patch.com/florida/coralgables-coconutgrove
673,https://patch.com/michigan/across-mi
674,https://patch.com/pennsylvania/ambler
675,https://patch.com/new-jersey/newarknj
676,https://patch.com/new-york/windsorterrace
677,https://patch.com/wisconsin/wauwatosa
678,https://patch.com/new-jersey/eastbrunswick
679,https://patch.com/virginia/westendalexandria
680,https://patch.com/california/diamondbar-walnut
681,https://patch.com/georgia/eastatlanta
682,https://patch.com/florida/safetyharbor
683,https://patch.com/pennsylvania/cranberry
684,https://patch.com/iowa/des-moines
685,https://patch.com/rhode-island/northkingstown
686,https://patch.com/california/culvercity
687,https://patch.com/pennsylvania/northallegheny
688,https://patch.com/minnesota/stlouispark
689,https://patch.com/new-jersey/wayne
690,https://patch.com/new-jersey/westdeptford
691,https://patch.com/indiana/hammond
692,https://patch.com/iowa/iowacity
693,https://patch.com/new-jersey/rumson
694,https://patch.com/new-york/portchester
695,https://patch.com/virginia/lorton
696,https://patch.com/new-jersey/tomsriver
697,https://patch.com/alabama/mobile
698,https://patch.com/minnesota/minnetonka
699,https://patch.com/michigan/novi
700,https://patch.com/minnesota/shakopee
701,https://patch.com/connecticut/newmilford
702,https://patch.com/missouri/sunsethills-crestwood
703,https://patch.com/massachusetts/belmont
704,https://patch.com/california/cupertino
705,https://patch.com/new-jersey/southorange
706,https://patch.com/michigan/troy
707,https://patch.com/connecticut/southwindsor
708,https://patch.com/connecticut/mansfield
709,https://patch.com/new-york/bed-stuy
710,https://patch.com/wisconsin/portwashington-wi
711,https://patch.com/california/rosemont
712,https://patch.com/us/dealtown
713,https://patch.com/texas/woodlands
714,https://patch.com/maryland/dundalk
715,https://patch.com/virginia/centreville
716,https://patch.com/illinois/libertyville
717,https://patch.com/hawaii/across-hi
718,https://patch.com/wisconsin/madison-wi
719,https://patch.com/virginia/greateralexandria
720,https://patch.com/new-york/scarsdale
721,https://patch.com/maryland/rockville
722,https://patch.com/new-jersey/newmilford-nj
723,https://patch.com/illinois/peoria
724,https://patch.com/california/redlands
725,https://patch.com/pennsylvania/chestnuthill
726,https://patch.com/new-york/longbeach
727,https://patch.com/rhode-island/coventry
728,https://patch.com/indiana/carmel
729,https://patch.com/massachusetts/northandover
730,https://patch.com/illinois/hinsdale
731,https://patch.com/louisiana/across-la
732,https://patch.com/new-jersey/southbrunswick
733,https://patch.com/new-jersey/woodbridge
734,https://patch.com/ohio/beachwood
735,https://patch.com/new-jersey/manville
736,https://patch.com/south-carolina/mauldin
737,https://patch.com/arkansas/fort-smith
738,https://patch.com/maryland/perryhall
739,https://patch.com/texas/cedar-park
740,https://patch.com/florida/jacksonville
741,https://patch.com/california/rockridge
742,https://patch.com/illinois/stcharles-il
743,https://patch.com/south-carolina/simpsonville
744,https://patch.com/pennsylvania/pottstown
745,https://patch.com/illinois/rockford
746,https://patch.com/pennsylvania/lowersouthampton
747,https://patch.com/new-york/westislip
748,https://patch.com/illinois/downersgrove
749,https://patch.com/michigan/birmingham
750,https://patch.com/louisiana/shreveport
751,https://patch.com/new-york/williamsburg
752,https://patch.com/california/davis
753,https://patch.com/illinois/lakeview
754,https://patch.com/california/lamesa
755,https://patch.com/maryland/broadneck
756,https://patch.com/georgia/canton-ga
757,https://patch.com/georgia/stonemountain
758,https://patch.com/tennessee/chattanooga
759,https://patch.com/georgia/midtown
760,https://patch.com/massachusetts/marblehead
761,https://patch.com/south-carolina/myrtle-beach
762,https://patch.com/illinois/lisle
763,https://patch.com/tennessee/johnson-city
764,https://patch.com/arizona/tempe
765,https://patch.com/california/suisuncity
766,https://patch.com/illinois/parkridge
767,https://patch.com/california/carlsbad
768,https://patch.com/minnesota/oakdale
769,https://patch.com/pennsylvania/levittown
770,https://patch.com/washington/sammamish
771,https://patch.com/pennsylvania/ardmore
772,https://patch.com/oregon/gresham
773,https://patch.com/new-jersey/watchung-greenbrook
774,https://patch.com/iowa/davenport
775,https://patch.com/maryland/kensington
776,https://patch.com/new-jersey/wyckoff
777,https://patch.com/florida/stpete
778,https://patch.com/ohio/solon
779,https://patch.com/ohio/lakewood-oh
780,https://patch.com/massachusetts/boston
781,https://patch.com/oregon/hillsboro
782,https://patch.com/connecticut/woodbury-middlebury
783,https://patch.com/california/altadena
784,https://patch.com/oregon/beaverton
785,https://patch.com/massachusetts/shrewsbury
786,https://patch.com/new-york/prospectheights
787,https://patch.com/california/claremont-laverne
788,https://patch.com/us/white-house
789,https://patch.com/kentucky/lexington-ky
790,https://patch.com/new-hampshire/amherst
791,https://patch.com/california/pleasanton
792,https://patch.com/massachusetts/needham
793,https://patch.com/new-jersey/eastwindsor
794,https://patch.com/washington/woodinville
795,https://patch.com/new-york/harlem
796,https://patch.com/california/capitola
797,https://patch.com/minnesota/minneapolis
798,https://patch.com/california/walnutcreek
799,https://patch.com/north-carolina/across-nc/communities
800,https://patch.com/georgia/oconee
801,https://patch.com/maryland/parkville
802,https://patch.com/louisiana/baton-rouge
803,https://patch.com/california/hollywood
804,https://patch.com/massachusetts/quincy
805,https://patch.com/florida/orlando
806,https://patch.com/maryland/westminster
807,https://patch.com/connecticut/wethersfield
808,https://patch.com/pennsylvania/northampton
809,https://patch.com/louisiana/gentilly
810,https://patch.com/rhode-island/woonsocket
811,https://patch.com/illinois/manhattan
812,https://patch.com/ohio/brecksville
813,https://patch.com/virginia/lakeridge
814,https://patch.com/new-york/shirley-mastic
815,https://patch.com/louisiana/metairie
816,https://patch.com/michigan/berkley
817,https://patch.com/michigan/westbloomfield
818,https://patch.com/new-jersey/cranford
819,https://patch.com/new-york/islip
820,https://patch.com/pennsylvania/norristown
821,https://patch.com/rhode-island/eastgreenwich
822,https://patch.com/california/saratoga
823,https://patch.com/illinois/champaign
824,https://patch.com/california/alameda
825,https://patch.com/new-jersey/easthanover-florhampark
826,https://patch.com/new-jersey/middletown-nj
827,https://patch.com/california/fairoaks-carmichael
828,https://patch.com/illinois/grayslake
829,https://patch.com/new-jersey/randolph
830,https://patch.com/new-jersey/manalapan
831,https://patch.com/california/sancarlos
832,https://patch.com/north-dakota/fargo
833,https://patch.com/california/delmar-carmelvalley
834,https://patch.com/new-york/harrison
835,https://patch.com/new-york/fivetowns
836,https://patch.com/massachusetts/peabody
837,https://patch.com/california/venice
838,https://patch.com/pennsylvania/roxborough
839,https://patch.com/ohio/westlake
840,https://patch.com/florida/carrollwood
841,https://patch.com/california/concord-ca
842,https://patch.com/indiana/munster
843,https://patch.com/california/arcadia
844,https://patch.com/maryland/greenbelt
845,https://patch.com/georgia/northeastcobb
846,https://patch.com/indiana/gary
847,https://patch.com/idaho/across-id
848,https://patch.com/district-columbia/georgetown
849,https://patch.com/minnesota/stmichael
850,https://patch.com/georgia/loganville
851,https://patch.com/massachusetts/barnstable-hyannis
852,https://patch.com/connecticut/southington
853,https://patch.com/new-york/kingspark
854,https://patch.com/texas/humble-kingwood
855,https://patch.com/ohio/youngstown
856,https://patch.com/new-york/ditmaspark
857,https://patch.com/new-york/lindenhurst
858,https://patch.com/maryland/huntvalley
859,https://patch.com/maryland/silverspring
860,https://patch.com/maryland/bowie
861,https://patch.com/oregon/across-or
862,https://patch.com/connecticut/durham
863,https://patch.com/california/ramona
864,https://patch.com/florida/west-palm-beach
865,https://patch.com/florida/templeterrace
866,https://patch.com/massachusetts/watertown
867,https://patch.com/maryland/catonsville
868,https://patch.com/california/encinitas
869,https://patch.com/ohio/kent
870,https://patch.com/maryland/gaithersburg
871,https://patch.com/massachusetts/attleboro
872,https://patch.com/rhode-island/cranston
873,https://patch.com/michigan/whitelake
874,https://patch.com/missouri/springfield-mo
875,https://patch.com/new-york/deerpark-northbabylon
876,https://patch.com/new-york/syosset
877,https://patch.com/california/watsonville
878,https://patch.com/missouri/universitycity
879,https://patch.com/california/benicia
880,https://patch.com/maryland/montgomeryvillage
881,https://patch.com/florida/bradenton
882,https://patch.com/new-york/peekskill
883,https://patch.com/new-york/nanuet
884,https://patch.com/kentucky/paducah
885,https://patch.com/california/sierramadre
886,https://patch.com/illinois/crystallake
887,https://patch.com/new-york/queens
888,https://patch.com/new-jersey/barnegat-manahawkin
889,https://patch.com/illinois/chicago
890,https://patch.com/california/palosverdes
891,https://patch.com/georgia/cumming
892,https://patch.com/california/millbrae
893,https://patch.com/massachusetts/wakefield
894,https://patch.com/iowa/johnston-ia
895,https://patch.com/south-carolina/charleston
896,https://patch.com/california/unioncity
897,https://patch.com/new-hampshire/londonderry
898,https://patch.com/massachusetts/southend
899,https://patch.com/massachusetts/sudbury
900,https://patch.com/massachusetts/dedham
901,https://patch.com/georgia/smyrna
902,https://patch.com/florida/clearwater
903,https://patch.com/california/santee
904,https://patch.com/illinois/wheaton
905,https://patch.com/illinois/montgomery
906,https://patch.com/massachusetts/stoneham
907,https://patch.com/connecticut/tolland
908,https://patch.com/illinois/algonquin
909,https://patch.com/new-jersey/edison-metuchen
910,https://patch.com/texas/midtownhouston
911,https://patch.com/new-york/parkslope
912,https://patch.com/minnesota/lakeville
913,https://patch.com/delaware/across-de
914,https://patch.com/montana/across-mt
915,https://patch.com/texas/el-paso
916,https://patch.com/new-york/glencove
917,https://patch.com/wisconsin/milwaukee
918,https://patch.com/indiana/evansville-in
919,https://patch.com/pennsylvania/uppersaucon
920,https://patch.com/illinois/buffalogrove
921,https://patch.com/massachusetts/milton
922,https://patch.com/california/piedmont
923,https://patch.com/connecticut/brookfield
924,https://patch.com/virginia/tysonscorner
925,https://patch.com/michigan/fenton
926,https://patch.com/pennsylvania/haverford
927,https://patch.com/tennessee/across-tn
928,https://patch.com/texas/bellaire
929,https://patch.com/illinois/elgin
930,https://patch.com/california/newportbeach
931,https://patch.com/kansas/overland-park
932,https://patch.com/new-jersey/gloucestertownship
933,https://patch.com/virginia/burke
934,https://patch.com/connecticut/stamford
935,https://patch.com/massachusetts/westroxbury
936,https://patch.com/connecticut/newlondon
937,https://patch.com/illinois/alsip-crestwood
938,https://patch.com/illinois/yorkville
939,https://patch.com/pennsylvania/foresthills-regentsquare
940,https://patch.com/new-york/yorktown-somers
941,https://patch.com/ohio/columbus
942,https://patch.com/oregon/oregoncity
943,https://patch.com/new-jersey/warren
944,https://patch.com/california/pleasanthill
945,https://patch.com/massachusetts/charlestown
946,https://patch.com/indiana/south-bend
947,https://patch.com/tennessee/franklin
948,https://patch.com/illinois/glenellyn
949,https://patch.com/nevada/reno
950,https://patch.com/pennsylvania/horsham
951,https://patch.com/illinois/woodridge
952,https://patch.com/connecticut/orange
953,https://patch.com/massachusetts/falmouth
954,https://patch.com/oregon/wilsonville
955,https://patch.com/ohio/cleveland
956,https://patch.com/new-jersey/bridgewater
957,https://patch.com/virginia/woodbridge-va
958,https://patch.com/connecticut/bridgeport
959,https://patch.com/virginia/across-va
960,https://patch.com/illinois/tinleypark
961,https://patch.com/georgia/peachtreecorners
962,https://patch.com/connecticut/windsorlocks
963,https://patch.com/florida/dunedin
964,https://patch.com/california/imperialbeach
965,https://patch.com/connecticut/bethel
966,https://patch.com/california/sanbruno
967,https://patch.com/illinois/lagrange
968,https://patch.com/louisiana/new-orleans
969,https://patch.com/new-york/ossining
970,https://patch.com/alaska/across-ak
971,https://patch.com/tennessee/lavergne-smyrna
972,https://patch.com/pennsylvania/nazareth
973,https://patch.com/new-jersey/montville
974,https://patch.com/connecticut/glastonbury
975,https://patch.com/illinois/bucktown-wickerpark
976,https://patch.com/new-york/eastmeadow
977,https://patch.com/connecticut/westhartford
978,https://patch.com/new-york/merrick
979,https://patch.com/indiana/zionsville
980,https://patch.com/new-york/whiteplains
981,https://patch.com/california/menlopark-atherton
982,https://patch.com/massachusetts/wellesley
983,https://patch.com/pennsylvania/pine-richland
984,https://patch.com/california/orange-county
985,https://patch.com/tennessee/nashville
986,https://patch.com/massachusetts/walpole
987,https://patch.com/texas/downtownaustin
988,https://patch.com/illinois/palos
989,https://patch.com/new-york/rockvillecentre
990,https://patch.com/nevada/across-nv
991,https://patch.com/kansas/across-ks
992,https://patch.com/california/martinez
993,https://patch.com/new-hampshire/salem-nh
994,https://patch.com/ohio/mayfield-hillcrest
995,https://patch.com/michigan/ferndale
996,https://patch.com/illinois/lincolnpark
997,https://patch.com/oklahoma/tulsa
998,https://patch.com/arkansas/little-rock
999,https://patch.com/minnesota/southwestminneapolis
1000,https://patch.com/new-york/midtown-nyc
1001,https://patch.com/new-york/upper-east-side-nyc
1002,https://patch.com/georgia/dunwoody
1003,https://patch.com/connecticut/meriden
1004,https://patch.com/rhode-island/portsmouth
1005,https://patch.com/california/malibu
1006,https://patch.com/california/agourahills
1007,https://patch.com/north-carolina/myerspark-southend-dilworth
1008,https://patch.com/virginia/fairfaxstation
1009,https://patch.com/massachusetts/northborough
1010,https://patch.com/california/roseville-ca
1011,https://patch.com/new-jersey/scotchplains
1012,https://patch.com/massachusetts/andover
1013,https://patch.com/tennessee/green-hills
1014,https://patch.com/illinois/homewood-flossmoor
1015,https://patch.com/california/fountainvalley
1016,https://patch.com/massachusetts/lynnfield
1017,https://patch.com/california/campbell
1018,https://patch.com/maine/portland-me
1019,https://patch.com/georgia/dacula
1020,https://patch.com/new-york/millerplace-rockypoint
1021,https://patch.com/new-york/brooklyn
1022,https://patch.com/pennsylvania/lowerprovidence
1023,https://patch.com/delaware/wilmington-de
1024,https://patch.com/indiana/indianapolis
1025,https://patch.com/illinois/frankfort
1026,https://patch.com/texas/houston
1027,https://patch.com/california/sanjuancapistrano
1028,https://patch.com/florida/aventura
1029,https://patch.com/new-hampshire/merrimack
1030,https://patch.com/tennessee/memphis
1031,https://patch.com/massachusetts/wrentham
1032,https://patch.com/oregon/lakeoswego
1033,https://patch.com/california/across-ca
1034,https://patch.com/california/northhollywood
1035,https://patch.com/new-jersey/holmdel-hazlet
1036,https://patch.com/florida/pensacola
1037,https://patch.com/massachusetts/canton
1038,https://patch.com/south-carolina/irmo
1039,https://patch.com/missouri/fenton-highridge
1040,https://patch.com/new-jersey/clark
1041,https://patch.com/south-dakota/across-sd
1042,https://patch.com/illinois/skokie
1043,https://patch.com/virginia/newport-news
1044,https://patch.com/kentucky/louisville
1045,https://patch.com/florida/bloomingdale
1046,https://patch.com/connecticut/darien
1047,https://patch.com/oklahoma/across-ok
1048,https://patch.com/california/escondido
1049,https://patch.com/new-jersey/redbank
1050,https://patch.com/ohio/twinsburg
1051,https://patch.com/michigan/bloomfield-mi
1052,https://patch.com/us-territories/virgin-islands
1053,https://patch.com/florida/plant-city
1054,https://patch.com/missouri/chesterfield
1055,https://patch.com/connecticut/greenwich
1056,https://patch.com/maryland/takomapark
1057,https://patch.com/massachusetts/tewksbury
1058,https://patch.com/maryland/northbaltimore
1059,https://patch.com/pennsylvania/southwhitehall
1060,https://patch.com/california/lakeforest-ca
1061,https://patch.com/massachusetts/grafton
1062,https://patch.com/new-jersey/moorestown
1063,https://patch.com/california/albany
1064,https://patch.com/new-jersey/mendham-chester
1065,https://patch.com/texas/houstonheights
1066,https://patch.com/illinois/elmhurst
1067,https://patch.com/pennsylvania/baldwin-whitehall
1068,https://patch.com/illinois/oakpark
1069,https://patch.com/new-jersey/englewood
1070,https://patch.com/pennsylvania/moon
1071,https://patch.com/california/oceanside-camppendleton
1072,https://patch.com/florida/landolakes
1073,https://patch.com/connecticut/middletown-ct
1074,https://patch.com/new-york/pearlriver
1075,https://patch.com/connecticut/essex-chester-deepriver
1076,https://patch.com/missouri/arnold
1077,https://patch.com/florida/pinecrest
1078,https://patch.com/california/trabuco-canyon
1079,https://patch.com/new-jersey/across-nj
1080,https://patch.com/maryland/eldersburg
1081,https://patch.com/illinois/plainfield
1082,https://patch.com/massachusetts/marthasvineyard
1083,https://patch.com/california/sonomavalley
1084,https://patch.com/wisconsin/foxpoint
1085,https://patch.com/pennsylvania/sewickley
1086,https://patch.com/new-jersey/hopatcong-sparta
1087,https://patch.com/nebraska/across-ne
1088,https://patch.com/texas/spring
1089,https://patch.com/new-hampshire/exeter
1090,https://patch.com/florida/eastlake
1091,https://patch.com/tennessee/east-nashville
1092,https://patch.com/minnesota/invergroveheights
1093,https://patch.com/california/eaglerock
1094,https://patch.com/connecticut/ridgefield
1095,https://patch.com/ohio/toledo
1096,https://patch.com/pennsylvania/plymouthwhitemarsh
1097,https://patch.com/illinois/oaklawn
1098,https://patch.com/alabama/birmingham-al
1099,https://patch.com/new-jersey/longbranch
1100,https://patch.com/massachusetts/weston
1101,https://patch.com/illinois/oswego
1102,https://patch.com/virginia/leesburg
1103,https://patch.com/iowa/ankeny
1104,https://patch.com/indiana/merrillville
1105,https://patch.com/pennsylvania/harrisburg
1106,https://patch.com/california/berkeley
1107,https://patch.com/massachusetts/backbay
1108,https://patch.com/georgia/johnscreek
1109,https://patch.com/illinois/southside
1110,https://patch.com/new-york/foresthills
1111,https://patch.com/illinois/darien-il
1112,https://patch.com/massachusetts/wilmington
1113,https://patch.com/massachusetts/jamaicaplain
1114,https://patch.com/missouri/ladue-frontenac
1115,https://patch.com/wisconsin/menomoneefalls
1116,https://patch.com/california/dublin
1117,https://patch.com/texas/coppell
1118,https://patch.com/connecticut/farmington
1119,https://patch.com/illinois/orlandpark
1120,https://patch.com/iowa/waukee
1121,https://patch.com/rhode-island/newport
1122,https://patch.com/connecticut/northbranford
1123,https://patch.com/new-jersey/westorange
1124,https://patch.com/florida/pinellasbeaches
1125,https://patch.com/connecticut/branford
1126,https://patch.com/virginia/richmond
1127,https://patch.com/washington/bellevue
1128,https://patch.com/new-jersey/manchester-nj
1129,https://patch.com/california/chico
1130,https://patch.com/massachusetts/brookline
1131,https://patch.com/new-jersey/newbrunswick
1132,https://patch.com/illinois/newlenox
1133,https://patch.com/maryland/annapolis
1134,https://patch.com/georgia/marietta
1135,https://patch.com/virginia/arlington-va
1136,https://patch.com/connecticut/norwalk
1137,https://patch.com/tennessee/antioch-south-nashville
1138,https://patch.com/texas/mckinney-frisco
1139,https://patch.com/illinois/vernonhills
1140,https://patch.com/west-virginia/across-wv
1141,https://patch.com/maryland/wheaton-md
1142,https://patch.com/new-york/bellmore
1143,https://patch.com/florida/brandon
1144,https://patch.com/missouri/ballwin-ellisville
1145,https://patch.com/california/sanmateo
1146,https://patch.com/missouri/maplewood-brentwood
1147,https://patch.com/ohio/stow
1148,https://patch.com/california/woodlandhills
1149,https://patch.com/maryland/across-md
1150,https://patch.com/pennsylvania/wilkes-barre
1151,https://patch.com/massachusetts/northend
1152,https://patch.com/new-york/heights-dumbo
1153,https://patch.com/connecticut/groton
1154,https://patch.com/wisconsin/caledonia
1155,https://patch.com/wisconsin/muskego
1156,https://patch.com/new-jersey/lakewood-nj
1157,https://patch.com/illinois/bolingbrook
1158,https://patch.com/california/coronado
1159,https://patch.com/florida/newportrichey
1160,https://patch.com/pennsylvania/media
1161,https://patch.com/minnesota/lakeminnetonka
1162,https://patch.com/indiana/hobart
1163,https://patch.com/california/scottsvalley
1164,https://patch.com/oregon/portland
1165,https://patch.com/california/santamonica
1166,https://patch.com/alabama/across-al
1167,https://patch.com/new-york/longisland
1168,https://patch.com/new-york/newcity
1169,https://patch.com/massachusetts/mansfield-ma
1170,https://patch.com/virginia/dalecity
1171,https://patch.com/new-jersey/montclair
1172,https://patch.com/pennsylvania/marplenewtown
1173,https://patch.com/illinois/channahon-minooka
1174,https://patch.com/massachusetts/northreading
1175,https://patch.com/california/westhollywood
1176,https://patch.com/georgia/snellville
1177,https://patch.com/california/poway
1178,https://patch.com/pennsylvania/northwhitehall
1179,https://patch.com/illinois/lakezurich
1180,https://patch.com/south-carolina/lexington-sc
1181,https://patch.com/massachusetts/concord
1182,https://patch.com/illinois/batavia
1183,https://patch.com/indiana/fishers
1184,https://patch.com/new-york/fortgreene
1185,https://patch.com/minnesota/stillwater
1186,https://patch.com/new-york/flushing-murray-hill
1187,https://patch.com/california/milpitas
1188,https://patch.com/new-york/downtown-nyc
1189,https://patch.com/california/pasadena-ca
1190,https://patch.com/massachusetts/fenwaykenmore
1191,https://patch.com/new-jersey/cherryhill
1192,https://patch.com/florida/southtampa
1193,https://patch.com/new-jersey/oakland
1194,https://patch.com/georgia/tucker
1195,https://patch.com/maryland/perryville
1196,https://patch.com/minnesota/saintpaul
1197,https://patch.com/new-york/farmingdale
1198,https://patch.com/new-jersey/westfield
1199,https://patch.com/minnesota/goldenvalley
1200,https://patch.com/missouri/hazelwood
1201,https://patch.com/illinois/palatine
1202,https://patch.com/georgia/savannah
1203,https://patch.com/new-jersey/springfield
1204,https://patch.com/new-hampshire/across-nh
1205,https://patch.com/california/baldwinpark
1206,https://patch.com/virginia/herndon
1207,https://patch.com/georgia/barrow
1208,https://patch.com/north-carolina/across-nc
1209,https://patch.com/missouri/florissant
1210,https://patch.com/colorado/denver
1211,https://patch.com/illinois/evanston
1212,https://patch.com/california/monrovia
1213,https://patch.com/michigan/grossepointe
1214,https://patch.com/virginia/oakton
1215,https://patch.com/colorado/broomfield
1216,https://patch.com/rhode-island/providence
1217,https://patch.com/massachusetts/holliston-hopkinton
1218,https://patch.com/texas/plano
1219,https://patch.com/new-york/pelham
1220,https://patch.com/new-jersey/parsippany
1221,https://patch.com/new-york/gramercy-murray-hill
1222,https://patch.com/california/burlingame-hillsborough
1223,https://patch.com/massachusetts/stoughton
1224,https://patch.com/massachusetts/beaconhill
1225,https://patch.com/connecticut/hartford
1226,https://patch.com/connecticut/westhaven
1227,https://patch.com/maryland/laurel
1228,https://patch.com/illinois/westernsprings
1229,https://patch.com/maryland/annearundel
1230,https://patch.com/california/sanclemente
1231,https://patch.com/missouri/eureka-wildwood
1232,https://patch.com/georgia/duluth
1233,https://patch.com/indiana/noblesville
1234,https://patch.com/michigan/hartland
1235,https://patch.com/michigan/clintontwp
1236,https://patch.com/michigan/clawson
1237,https://patch.com/wyoming/casper
1238,https://patch.com/texas/waco
1239,https://patch.com/new-york/chappaqua
1240,https://patch.com/texas/round-rock
1241,https://patch.com/iowa/urbandale
1242,https://patch.com/texas/conroe-montgomerycounty
