lakeland,florida,https://web.archive.org/web/20200418/https://patch.com/florida/lakeland/politics
soho-little-italy,new-york,/new-york/soho-little-italy/city-planning-approves-senior-housing-elizabeth-st-garden
bloomfield,new-jersey,https://web.archive.org/web/20200420/https://patch.com/new-jersey/bloomfield/politics
bloomfield,new-jersey,https://web.archive.org/web/20200422/https://patch.com/new-jersey/bloomfield/politics
olivette,missouri,https://web.archive.org/web/20201003161141/https://patch.com/missouri/olivette/politics
bethwood,connecticut,https://web.archive.org/web/20200514/https://patch.com/connecticut/bethwood/politics
northpotomac,maryland,https://web.archive.org/web/20200222/https://patch.com/maryland/northpotomac/politics
northpotomac,maryland,https://web.archive.org/web/20200319/https://patch.com/maryland/northpotomac/politics
buford,georgia,https://web.archive.org/web/20200417/https://patch.com/georgia/buford/politics
buford,georgia,https://web.archive.org/web/20200520/https://patch.com/georgia/buford/politics
lowermoreland,pennsylvania,https://web.archive.org/web/20200418/https://patch.com/pennsylvania/lowermoreland/politics
losgatos,california,https://web.archive.org/web/20200416/https://patch.com/california/losgatos/politics
losgatos,california,https://web.archive.org/web/20200422/https://patch.com/california/losgatos/politics
abington,pennsylvania,https://web.archive.org/web/20200322/https://patch.com/pennsylvania/abington/politics
abington,pennsylvania,https://web.archive.org/web/20200419/https://patch.com/pennsylvania/abington/politics
abington,pennsylvania,https://web.archive.org/web/20200424/https://patch.com/pennsylvania/abington/politics
across-tx,texas,https://web.archive.org/web/20200315/https://patch.com/texas/across-tx/politics
across-tx,texas,https://web.archive.org/web/20200424/https://patch.com/texas/across-tx/politics
redwoodcity-woodside,california,https://web.archive.org/web/20200209/https://patch.com/california/redwoodcity-woodside/politics
redwoodcity-woodside,california,https://web.archive.org/web/20200229/https://patch.com/california/redwoodcity-woodside/politics
redwoodcity-woodside,california,https://web.archive.org/web/20200307/https://patch.com/california/redwoodcity-woodside/politics
redwoodcity-woodside,california,https://web.archive.org/web/20200416/https://patch.com/california/redwoodcity-woodside/politics
redwoodcity-woodside,california,https://web.archive.org/web/20200420/https://patch.com/california/redwoodcity-woodside/politics
redwoodcity-woodside,california,https://web.archive.org/web/20200520/https://patch.com/california/redwoodcity-woodside/politics
desplaines,illinois,https://web.archive.org/web/20200422/https://patch.com/illinois/desplaines/politics
san-francisco,california,https://web.archive.org/web/20200107/https://patch.com/california/san-francisco/politics
san-francisco,california,https://web.archive.org/web/20200417/https://patch.com/california/san-francisco/politics
san-francisco,california,https://web.archive.org/web/20200421/https://patch.com/california/san-francisco/politics
san-francisco,california,https://web.archive.org/web/20200423/https://patch.com/california/san-francisco/politics
san-francisco,california,https://web.archive.org/web/20200514/https://patch.com/california/san-francisco/politics
shorewood-il,illinois,https://web.archive.org/web/20200422/https://patch.com/illinois/shorewood-il/politics
shorewood-il,illinois,https://web.archive.org/web/20200516/https://patch.com/illinois/shorewood-il/politics
east-palo-alto,california,https://web.archive.org/web/20200514215217/https://patch.com/california/east-palo-alto/politics
east-palo-alto,california,https://web.archive.org/web/20200514/https://patch.com/california/east-palo-alto/politics
detroit,michigan,https://web.archive.org/web/20200328/https://patch.com/michigan/detroit/politics
detroit,michigan,https://web.archive.org/web/20200419/https://patch.com/michigan/detroit/politics
detroit,michigan,https://web.archive.org/web/20200515/https://patch.com/michigan/detroit/politics
centurycity,california,https://web.archive.org/web/20200221/https://patch.com/california/centurycity/politics
centurycity,california,https://web.archive.org/web/20200507/https://patch.com/california/centurycity/politics
columbia,maryland,https://web.archive.org/web/20200103/https://patch.com/maryland/columbia/politics
columbia,maryland,https://web.archive.org/web/20200508/https://patch.com/maryland/columbia/politics
columbia,maryland,/maryland/columbia/members-sought-howard-countys-social-services-board
arlingtonheights,illinois,https://web.archive.org/web/20200419/https://patch.com/illinois/arlingtonheights/politics
arlingtonheights,illinois,https://web.archive.org/web/20200428/https://patch.com/illinois/arlingtonheights/politics
arlingtonheights,illinois,https://web.archive.org/web/20200507/https://patch.com/illinois/arlingtonheights/politics
omaha,nebraska,https://web.archive.org/web/20200418/https://patch.com/nebraska/omaha/politics
applevalley-rosemount,minnesota,https://web.archive.org/web/20200229/https://patch.com/minnesota/applevalley-rosemount/politics
applevalley-rosemount,minnesota,https://web.archive.org/web/20200516/https://patch.com/minnesota/applevalley-rosemount/politics
honolulu,hawaii,https://web.archive.org/web/20200417/https://patch.com/hawaii/honolulu/politics
threevillage,new-york,https://web.archive.org/web/20200418/https://patch.com/new-york/threevillage/politics
threevillage,new-york,https://web.archive.org/web/20200508/https://patch.com/new-york/threevillage/politics
threevillage,new-york,https://web.archive.org/web/20200519/https://patch.com/new-york/threevillage/politics
threevillage,new-york,https://web.archive.org/web/20200920/https://patch.com/new-york/threevillage/politics
threevillage,new-york,https://web.archive.org/web/20201014/https://patch.com/new-york/threevillage/politics
uppermacungie,pennsylvania,https://web.archive.org/web/20200616/https://patch.com/pennsylvania/uppermacungie/politics
wilmette,illinois,https://web.archive.org/web/20200518/https://patch.com/illinois/wilmette/politics
burlington-vt,vermont,https://web.archive.org/web/20200221/https://patch.com/vermont/burlington-vt/politics
limerick,pennsylvania,https://web.archive.org/web/20200225/https://patch.com/pennsylvania/limerick/politics
limerick,pennsylvania,https://web.archive.org/web/20200419/https://patch.com/pennsylvania/limerick/politics
limerick,pennsylvania,https://web.archive.org/web/20200428/https://patch.com/pennsylvania/limerick/politics
limerick,pennsylvania,https://web.archive.org/web/20200805/https://patch.com/pennsylvania/limerick/politics
grand-rapids,michigan,https://web.archive.org/web/20200115/https://patch.com/michigan/grand-rapids/politics
royaloak,michigan,https://web.archive.org/web/20200212/https://patch.com/michigan/royaloak/politics
royaloak,michigan,https://web.archive.org/web/20200425/https://patch.com/michigan/royaloak/politics
dixon,california,https://web.archive.org/web/20200327/https://patch.com/california/dixon/politics
dixon,california,https://web.archive.org/web/20200514/https://patch.com/california/dixon/politics
shakerheights,ohio,https://web.archive.org/web/20200417/https://patch.com/ohio/shakerheights/politics
shakerheights,ohio,https://web.archive.org/web/20200425/https://patch.com/ohio/shakerheights/politics
stafford-willington,connecticut,https://web.archive.org/web/20200519182917/https://patch.com/connecticut/stafford-willington/politics
stafford-willington,connecticut,https://web.archive.org/web/20200519/https://patch.com/connecticut/stafford-willington/politics
newcanaan,connecticut,https://web.archive.org/web/20200406/https://patch.com/connecticut/newcanaan/politics
newcanaan,connecticut,https://web.archive.org/web/20200502/https://patch.com/connecticut/newcanaan/politics
newcanaan,connecticut,https://web.archive.org/web/20200519/https://patch.com/connecticut/newcanaan/politics
newcanaan,connecticut,/connecticut/newcanaan/letter-preserve-1913-historic-library-nodx
sugarland,texas,https://web.archive.org/web/20200129/https://patch.com/texas/sugarland/politics
sachem,new-york,https://web.archive.org/web/20200406/https://patch.com/new-york/sachem/politics
sachem,new-york,https://web.archive.org/web/20200516/https://patch.com/new-york/sachem/politics
fridley,minnesota,https://web.archive.org/web/20200304/https://patch.com/minnesota/fridley/politics
fridley,minnesota,https://web.archive.org/web/20200508/https://patch.com/minnesota/fridley/politics
fridley,minnesota,https://web.archive.org/web/20200906/https://patch.com/minnesota/fridley/politics
fridley,minnesota,/minnesota/fridley/public-hearing-consider-proposed-assessment-2020-street-rehabilitation-project-st
temecula,california,https://web.archive.org/web/20200406/https://patch.com/california/temecula/politics
temecula,california,https://web.archive.org/web/20200416/https://patch.com/california/temecula/politics
temecula,california,https://web.archive.org/web/20200418/https://patch.com/california/temecula/politics
temecula,california,https://web.archive.org/web/20200505/https://patch.com/california/temecula/politics
temecula,california,/california/temecula/riverside-county-elementary-schools-can-now-seek-reopening
southcobb,georgia,https://web.archive.org/web/20200112/https://patch.com/georgia/southcobb/politics
southcobb,georgia,https://web.archive.org/web/20200416/https://patch.com/georgia/southcobb/politics
southcobb,georgia,https://web.archive.org/web/20200420/https://patch.com/georgia/southcobb/politics
evergreenpark,illinois,https://web.archive.org/web/20200322/https://patch.com/illinois/evergreenpark/politics
evergreenpark,illinois,https://web.archive.org/web/20200416/https://patch.com/illinois/evergreenpark/politics
evergreenpark,illinois,https://web.archive.org/web/20200419/https://patch.com/illinois/evergreenpark/politics
evergreenpark,illinois,https://web.archive.org/web/20200423/https://patch.com/illinois/evergreenpark/politics
evergreenpark,illinois,/illinois/evergreenpark/rep-burke-secures-release-map-grants-local-college-students
arbutus,maryland,https://web.archive.org/web/20201003/https://patch.com/maryland/arbutus/politics
waukesha,wisconsin,https://web.archive.org/web/20200313/https://patch.com/wisconsin/waukesha/politics
waukesha,wisconsin,https://web.archive.org/web/20200327/https://patch.com/wisconsin/waukesha/politics
easley,south-carolina,https://web.archive.org/web/20200226/https://patch.com/south-carolina/easley/politics
fairfield,connecticut,https://web.archive.org/web/20200329/https://patch.com/connecticut/fairfield/politics
fairfield,connecticut,https://web.archive.org/web/20200404/https://patch.com/connecticut/fairfield/politics
fairfield,connecticut,https://web.archive.org/web/20200525/https://patch.com/connecticut/fairfield/politics
nyack,new-york,https://web.archive.org/web/20200101/https://patch.com/new-york/nyack/politics
nyack,new-york,https://web.archive.org/web/20200404/https://patch.com/new-york/nyack/politics
nyack,new-york,https://web.archive.org/web/20200420/https://patch.com/new-york/nyack/politics
nyack,new-york,https://web.archive.org/web/20200421/https://patch.com/new-york/nyack/politics
hillsborough,new-jersey,https://web.archive.org/web/20200115/https://patch.com/new-jersey/hillsborough/politics
hillsborough,new-jersey,https://web.archive.org/web/20200419/https://patch.com/new-jersey/hillsborough/politics
hillsborough,new-jersey,https://web.archive.org/web/20200518/https://patch.com/new-jersey/hillsborough/politics
hillsborough,new-jersey,https://web.archive.org/web/20200825/https://patch.com/new-jersey/hillsborough/politics
gigharbor,washington,https://web.archive.org/web/20200419/https://patch.com/washington/gigharbor/politics
gigharbor,washington,https://web.archive.org/web/20200916/https://patch.com/washington/gigharbor/politics
novato,california,https://web.archive.org/web/20200514/https://patch.com/california/novato/politics
belmontshore,california,https://web.archive.org/web/20200422/https://patch.com/california/belmontshore/politics
freehold,new-jersey,https://web.archive.org/web/20200508/https://patch.com/new-jersey/freehold/politics
freehold,new-jersey,https://web.archive.org/web/20200513/https://patch.com/new-jersey/freehold/politics
matawan-aberdeen,new-jersey,https://web.archive.org/web/20200115/https://patch.com/new-jersey/matawan-aberdeen/politics
matawan-aberdeen,new-jersey,https://web.archive.org/web/20200405/https://patch.com/new-jersey/matawan-aberdeen/politics
matawan-aberdeen,new-jersey,https://web.archive.org/web/20201102/https://patch.com/new-jersey/matawan-aberdeen/politics
longvalley,new-jersey,https://web.archive.org/web/20200115/https://patch.com/new-jersey/longvalley/politics
longvalley,new-jersey,https://web.archive.org/web/20200404/https://patch.com/new-jersey/longvalley/politics
longvalley,new-jersey,https://web.archive.org/web/20200521/https://patch.com/new-jersey/longvalley/politics
longvalley,new-jersey,https://web.archive.org/web/20200925/https://patch.com/new-jersey/longvalley/politics
longvalley,new-jersey,https://web.archive.org/web/20201011/https://patch.com/new-jersey/longvalley/politics
longvalley,new-jersey,https://web.archive.org/web/20201015/https://patch.com/new-jersey/longvalley/politics
longvalley,new-jersey,https://web.archive.org/web/20201201/https://patch.com/new-jersey/longvalley/politics
longvalley,new-jersey,https://web.archive.org/web/20201228/https://patch.com/new-jersey/longvalley/politics
